CÓDIGO,STATUS
AALR3,ok
ABCB4,ok
ABCP11,ok
ABEV3,ok
ADMF3,sem_logo
ADSH11,sem_logo
AERI3,ok
AERO11,sem_logo
AESO3,sem_logo
AFHF11,sem_logo
AFHI11,sem_logo
AFLT3,sem_logo
AGRO3,ok
AGXY3,ok
AHEB3,sem_logo
AHEB5,sem_logo
AHEB6,sem_logo
AIEC11,sem_logo
AJFI11,ok
ALLD3,ok
ALMI11,sem_logo
ALOS3,ok
ALPA3,ok
ALPA4,ok
ALPK3,ok
ALUP11,ok
ALUP3,ok
ALUP4,ok
ALZC11,sem_logo
ALZM11,sem_logo
ALZR11,sem_logo
ALZT11,sem_logo
AMAR3,ok
AMBP3,ok
AMER3,ok
AMOB3,ok
ANCR11,sem_logo
ANIM3,ok
APTI3,sem_logo
APTI4,sem_logo
APTO11,sem_logo
APXM11,sem_logo
ARML3,ok
ARND3,sem_logo
AROA11,sem_logo
ARRI11,ok
ARXD11,sem_logo
ASAI3,ok
ASRF11,sem_logo
ATED3,ok
ATSA11,sem_logo
AUAU3,sem_logo
AURA33,ok
AURB11,sem_logo
AURE3,ok
AVLL3,ok
AVUR11,sem_logo
AXIA3,sem_logo
AXIA5,sem_logo
AXIA6,sem_logo
AXIA7,sem_logo
AZEV3,ok
AZEV4,ok
AZPL11,sem_logo
AZTE3,ok
AZUL53,sem_logo
AZZA3,ok
B3SA3,ok
BALM3,sem_logo
BALM4,ok
BAUH3,sem_logo
BAUH4,sem_logo
BAZA3,ok
BBAS3,ok
BBDC3,ok
BBDC4,ok
BBFI11,sem_logo
BBFO11,sem_logo
BBIG11,ok
BBML3,sem_logo
BBRC11,sem_logo
BBSE3,ok
BCFF11,sem_logo
BCIA11,sem_logo
BCRI11,sem_logo
BDLL3,ok
BDLL4,ok
BEEF3,ok
BEES3,ok
BEES4,ok
BETP3,sem_logo
BFCC11,sem_logo
BGIP3,ok
BGIP4,ok
BGRB11,ok
BHIA3,ok
BICE11,sem_logo
BIED3,ok
BIME11,sem_logo
BIOM3,ok
BIPD11,sem_logo
BLAU3,ok
BLCA11,sem_logo
BLMG11,ok
BLMO11,ok
BLOG11,sem_logo
BMEB3,ok
BMEB4,ok
BMGB4,ok
BMIN3,sem_logo
BMIN4,ok
BMKS3,ok
BMLC11,sem_logo
BMOB3,ok
BNBR3,ok
BNFS11,sem_logo
BOBR3,sem_logo
BOBR4,ok
BPAC11,ok
BPAC3,ok
BPAC5,ok
BPAR3,sem_logo
BPML11,sem_logo
BRAP3,ok
BRAP4,ok
BRAV3,ok
BRBI11,ok
BRCO11,sem_logo
BRCR11,sem_logo
BRIM11,sem_logo
BRIP11,sem_logo
BRKM3,ok
BRKM5,ok
BRKM6,sem_logo
BROF11,ok
BRQB3,sem_logo
BRSR3,ok
BRSR5,sem_logo
BRSR6,ok
BRST3,ok
BSLI3,ok
BSLI4,ok
BTAL11,ok
BTCI11,sem_logo
BTHF11,ok
BTHI11,sem_logo
BTLG11,sem_logo
BTML11,sem_logo
BTRA11,ok
BTSG11,sem_logo
BTSI11,sem_logo
BTWR11,sem_logo
BTYU11,ok
BVAR11,sem_logo
CACR11,sem_logo
CALI3,sem_logo
CAMB3,ok
CAML3,ok
CARE11,sem_logo
CASH3,ok
CASN3,sem_logo
CASN4,sem_logo
CATA3,sem_logo
CATA4,sem_logo
CBAV3,ok
CBEE3,sem_logo
CBOP11,ok
CCME11,sem_logo
CCTY3,sem_logo
CCVA11,sem_logo
CEAB3,ok
CEBR3,ok
CEBR5,ok
CEBR6,ok
CEDO3,sem_logo
CEDO4,ok
CEEB3,sem_logo
CEEB5,sem_logo
CEEB6,sem_logo
CEED3,sem_logo
CEED4,sem_logo
CEGR3,sem_logo
CEOC11,sem_logo
CFII11,sem_logo
CGAS3,ok
CGAS5,ok
CGRA3,ok
CGRA4,ok
CJCT11,sem_logo
CLIN11,sem_logo
CLSC3,sem_logo
CLSC4,ok
CMIG3,ok
CMIG4,ok
CMIN3,ok
CNES11,sem_logo
COCE3,sem_logo
COCE5,ok
COCE6,sem_logo
COGN3,ok
COMR3,sem_logo
CPFE3,ok
CPFF11,sem_logo
CPLE3,ok
CPLG11,sem_logo
CPOF11,sem_logo
CPSH11,sem_logo
CPTS11,sem_logo
CPUR11,ok
CRFF11,sem_logo
CRPG3,sem_logo
CRPG5,ok
CRPG6,sem_logo
CRTE3,sem_logo
CRTE5,sem_logo
CSAN3,ok
CSED3,ok
CSMG3,ok
CSNA3,ok
CSUD3,ok
CTAX3,sem_logo
CTCA3,sem_logo
CTKA3,sem_logo
CTKA4,sem_logo
CTSA3,ok
CTSA4,ok
CTXT11,sem_logo
CURY3,ok
CVBI11,sem_logo
CVCB3,ok
CXAG11,sem_logo
CXCE11,sem_logo
CXCI11,sem_logo
CXCO11,ok
CXRI11,sem_logo
CXSE3,ok
CXTL11,sem_logo
CYLD11,sem_logo
CYRE3,ok
CYRE4,sem_logo
DAMA11,sem_logo
DASA3,ok
DAYM11,sem_logo
DESK3,ok
DEVA11,sem_logo
DEXP3,ok
DEXP4,ok
DIRR3,ok
DMVF3,ok
DOHL3,ok
DOHL4,sem_logo
DOTZ3,ok
DOVL11,sem_logo
DPRO11,sem_logo
DTCY3,sem_logo
DTCY4,sem_logo
DVFF11,ok
DXCO3,ok
EALT3,ok
EALT4,ok
ECOR3,ok
EDFO11,sem_logo
EDGA11,sem_logo
EDGE11,sem_logo
EGAF11,sem_logo
EGGY3,sem_logo
EGIE3,ok
EIRA11,sem_logo
EKTR3,sem_logo
EKTR4,ok
EMAE3,sem_logo
EMAE4,ok
EMBJ3,sem_logo
EMET11,ok
ENEV3,ok
ENGI11,ok
ENGI3,ok
ENGI4,ok
ENJU3,ok
ENMT3,sem_logo
ENMT4,ok
EPAR3,ok
EQIR11,sem_logo
EQMA3B,ok
EQMA5B,sem_logo
EQMA6B,sem_logo
EQPA3,ok
EQPA5,sem_logo
EQPA6,sem_logo
EQPA7,sem_logo
EQTL3,ok
ERCR11,sem_logo
ERPA11,sem_logo
ESPA3,ok
ESTR3,sem_logo
ESTR4,ok
ETER3,ok
EUCA3,sem_logo
EUCA4,ok
EUFA3,sem_logo
EURO11,sem_logo
EVEN3,ok
EXES11,sem_logo
EZTC3,ok
FAED11,sem_logo
FAMB11,sem_logo
FARM11,sem_logo
FATN11,sem_logo
FCFL11,sem_logo
FESA3,ok
FESA4,ok
FGAA11,sem_logo
FHER3,ok
FICT3,ok
FIEI3,sem_logo
FIGE3,sem_logo
FIGE4,sem_logo
FIGS11,sem_logo
FIIB11,sem_logo
FIIP11,sem_logo
FIQE3,ok
FISC11,sem_logo
FISD11,sem_logo
FLCR11,ok
FLFL11,sem_logo
FLMA11,sem_logo
FLRP11,sem_logo
FLRY3,ok
FMOF11,sem_logo
FPAB11,sem_logo
FPNG11,sem_logo
FRAS3,ok
FRIO3,sem_logo
FTCE11,sem_logo
FVPQ11,sem_logo
FYTO11,sem_logo
G2DI33,ok
GAME11,sem_logo
GARE11,sem_logo
GARE12,sem_logo
GCOI11,sem_logo
GCRA11,sem_logo
GCRI11,sem_logo
GEPA3,sem_logo
GEPA4,sem_logo
GFDL11,sem_logo
GFSA3,ok
GGBR3,ok
GGBR4,ok
GGPS3,ok
GGRC11,sem_logo
GLCR11,sem_logo
GLOG11,sem_logo
GLPF11,ok
GMAT3,ok
GOAU3,ok
GOAU4,ok
GOLL53,sem_logo
GOLL54,sem_logo
GPAR3,ok
GRND3,ok
GRUL11,ok
GSFI11,sem_logo
GSHP3,sem_logo
GTWR11,sem_logo
GZIT11,sem_logo
HAAA11,sem_logo
HABT11,sem_logo
HAGA3,ok
HAGA4,ok
HAPV3,ok
HBCR11,sem_logo
HBOR3,ok
HBRE3,ok
HBSA3,ok
HBTS3,sem_logo
HBTS5,ok
HBTS6,sem_logo
HCHG11,sem_logo
HCRI11,sem_logo
HCTR11,sem_logo
HDEL11,sem_logo
HETA3,sem_logo
HETA4,sem_logo
HFOF11,sem_logo
HGBL11,ok
HGBS11,sem_logo
HGCR11,sem_logo
HGIC11,ok
HGLG11,sem_logo
HGPO11,sem_logo
HGRE11,sem_logo
HGRU11,ok
HILG11,sem_logo
HIRE11,sem_logo
HJCT11,sem_logo
HLOG11,sem_logo
HMOB3,sem_logo
HOFC11,ok
HOOT3,sem_logo
HOOT4,ok
HOSI11,ok
HPDP11,sem_logo
HRDF11,sem_logo
HREC11,sem_logo
HRES11,sem_logo
HSAF11,sem_logo
HSLG11,sem_logo
HSML11,ok
HSRE11,ok
HTMX11,sem_logo
HUCG11,sem_logo
HUSC11,sem_logo
HUSI11,sem_logo
HYPE3,ok
IBBP11,sem_logo
IBCR11,ok
ICNE11,sem_logo
ICRI11,sem_logo
IDGR11,sem_logo
IFCM3,ok
IFRA11,sem_logo
IGSN3,sem_logo
IGTI11,ok
IGTI3,ok
IGTI4,sem_logo
INEP3,ok
INEP4,ok
INLG11,sem_logo
INNC3,sem_logo
INRD11,sem_logo
INTB3,ok
INVESTBACK,sem_logo
IRBR3,ok
IRIM11,sem_logo
ISAE3,ok
ISAE4,ok
ITIP11,sem_logo
ITIT11,sem_logo
ITRI11,sem_logo
ITSA3,ok
ITSA4,ok
ITUB3,ok
ITUB4,ok
IVPR3B,sem_logo
IVPR4B,sem_logo
IVVB11,ok
JALL3,ok
JASC11,sem_logo
JBFO11,sem_logo
JBSS32,sem_logo
JCCJ11,sem_logo
JCIN11,sem_logo
JEPI,sem_logo
JFEN3,ok
JFLL11,ok
JGPX11,sem_logo
JHSF3,ok
JOPA3,sem_logo
JOPA4,sem_logo
JPPA11,sem_logo
JSAF11,sem_logo
JSCR11,sem_logo
JSLG3,ok
JSRE11,sem_logo
KCRE11,sem_logo
KDIF11,sem_logo
KEPL3,ok
KEVE11,sem_logo
KFEN11,ok
KFOF11,ok
KISU11,sem_logo
KIVO11,ok
KLAS3,sem_logo
KLBN11,ok
KLBN3,ok
KLBN4,ok
KNCA11,sem_logo
KNCR11,sem_logo
KNHF11,sem_logo
KNHY11,sem_logo
KNIP11,ok
KNRE11,ok
KNRI11,sem_logo
KNSC11,ok
KNUQ11,sem_logo
KORE11,sem_logo
LAND3,ok
LASC11,sem_logo
LAVV3,ok
LC,sem_logo
LEVE3,ok
LFTT11,sem_logo
LIFE11,sem_logo
LIGT3,ok
LJQQ3,ok
LKDV11,sem_logo
LLAO11,sem_logo
LLBI3,sem_logo
LMAI11,sem_logo
LMED3,sem_logo
LOGG3,ok
LOGN3,ok
LPLP11,sem_logo
LPSB3,ok
LRDI11,sem_logo
LREN3,ok
LSAG11,sem_logo
LSOI11,sem_logo
LSOP11,sem_logo
LTEL3B,sem_logo
LTLA3B,sem_logo
LTMT11,sem_logo
LUPA3,ok
LUXM3,sem_logo
LUXM4,sem_logo
LVBI11,sem_logo
LWSA3,ok
MANA11,ok
MAPT3,sem_logo
MAPT4,ok
MATD3,ok
MAXR11,sem_logo
MBRF3,sem_logo
MCCI11,ok
MCEM11,sem_logo
MCLO11,ok
MCRE11,sem_logo
MDIA3,ok
MDNE3,ok
MEAL3,ok
MELK3,ok
MFAI11,sem_logo
MFCR11,sem_logo
MFII11,sem_logo
MGEL3,sem_logo
MGEL4,ok
MGHT11,sem_logo
MGLU3,ok
MIDW11,sem_logo
MILS3,ok
MLAS3,ok
MMAQ3,sem_logo
MMAQ4,sem_logo
MNDL3,ok
MNPR3,ok
MOTV3,sem_logo
MOVI3,ok
MRSA3B,ok
MRSA5B,sem_logo
MRSA6B,sem_logo
MRVE3,ok
MSPA3,sem_logo
MSPA4,sem_logo
MTRE3,ok
MTSA3,sem_logo
MTSA4,ok
MULT3,ok
MWET3,sem_logo
MWET4,sem_logo
MXRF11,sem_logo
MXRF12,sem_logo
MYPK3,ok
NATU3,sem_logo
NAUI11,sem_logo
NAVT11,sem_logo
NCRI11,sem_logo
NEMO3,sem_logo
NEMO5,sem_logo
NEMO6,sem_logo
NEOE3,ok
NEWL11,ok
NEWU11,sem_logo
NEXP3,ok
NFLX34,ok
NGRD3,ok
NORD3,sem_logo
NSLU11,sem_logo
NUTR3,ok
NVDA,sem_logo
NVHO11,ok
OBAL11,sem_logo
OBTC3,sem_logo
OCRE11,sem_logo
ODER3,sem_logo
ODER4,sem_logo
ODPV3,ok
OFSA3,ok
OGIN11,sem_logo
OIAG11,sem_logo
OIBR3,ok
OIBR4,ok
ONCO3,ok
ONDA11,sem_logo
OPCT3,ok
OPGM3,sem_logo
OPSE3,sem_logo
OPTS3,sem_logo
ORVR3,ok
OSXB3,ok
OUFF11,sem_logo
OUJP11,sem_logo
OXRL11,sem_logo
OZ1D,sem_logo
PASS3,sem_logo
PASS6,sem_logo
PATA11,sem_logo
PATC11,sem_logo
PATI3,ok
PATI4,sem_logo
PATL11,sem_logo
PCAR3,ok
PCIP11,sem_logo
PDBM11,sem_logo
PDGR3,ok
PDTC3,ok
PEAB3,ok
PEAB4,ok
PEMA11,sem_logo
PETR3,ok
PETR4,ok
PFF,sem_logo
PFRM3,ok
PGMN3,ok
PINE3,ok
PINE4,ok
PLAG11,ok
PLAS3,sem_logo
PLCA11,sem_logo
PLD,sem_logo
PLPL3,ok
PLRI11,sem_logo
PMAM3,ok
PMFO11,sem_logo
PMIS11,ok
PMLL11,sem_logo
PMRL11,sem_logo
PNCR11,sem_logo
PNDL11,sem_logo
PNPR11,sem_logo
PNRC11,sem_logo
PNVL3,ok
POMO3,ok
POMO4,ok
PORD11,sem_logo
POSI3,ok
PPAR3,sem_logo
PPLA11,ok
PQAG11,ok
PQDP11,sem_logo
PRIO3,ok
PRNR3,ok
PRPT3,sem_logo
PRSN11,sem_logo
PRSV11,sem_logo
PSEC11,sem_logo
PSSA3,ok
PTBL3,ok
PTCA3,sem_logo
PTNT3,ok
PTNT4,ok
PVBI11,sem_logo
QQQ,sem_logo
QUAL3,ok
QUSW3,sem_logo
QVQP3,sem_logo
RADL3,ok
RAIL3,ok
RAIZ4,ok
RANI3,ok
RAPT3,ok
RAPT4,ok
RBDS11,sem_logo
RBED11,sem_logo
RBFM11,sem_logo
RBFY11,sem_logo
RBHG11,sem_logo
RBHY11,sem_logo
RBIR11,ok
RBLG11,sem_logo
RBNS11,sem_logo
RBOP11,sem_logo
RBRD11,sem_logo
RBRI11,sem_logo
RBRL11,sem_logo
RBRP11,sem_logo
RBRR11,sem_logo
RBRS11,sem_logo
RBRX11,sem_logo
RBRY11,sem_logo
RBTS11,sem_logo
RBVA11,sem_logo
RBVO11,sem_logo
RCFF11,sem_logo
RCRB11,sem_logo
RCRI11,sem_logo
RCSL3,ok
RCSL4,ok
RDIV11,sem_logo
RDLI11,sem_logo
RDNI3,ok
RDOR3,ok
RECD11,sem_logo
RECM11,sem_logo
RECR11,sem_logo
RECT11,sem_logo
RECV3,ok
REDE3,ok
REIT11,sem_logo
RELG11,sem_logo
RENT3,ok
RENT4,sem_logo
RENV11,ok
RIAA3,sem_logo
RINV11,sem_logo
RIOS3,sem_logo
RMBS11,sem_logo
RNEW11,ok
RNEW3,ok
RNEW4,sem_logo
RNGO11,sem_logo
ROMI3,ok
ROOF11,sem_logo
RPAD3,sem_logo
RPAD5,sem_logo
RPAD6,sem_logo
RPMG3,ok
RPRI11,sem_logo
RSID3,ok
RSPD11,sem_logo
RSUL3,sem_logo
RSUL4,sem_logo
RURA11,sem_logo
RVEE3,sem_logo
RZAG11,sem_logo
RZAK11,ok
RZAT11,sem_logo
RZLC11,ok
RZTR11,sem_logo
RZTR12,sem_logo
RZZI11,sem_logo
RZZR11,ok
RZZV11,sem_logo
SADI11,ok
SAIC11,sem_logo
SALT3,sem_logo
SALT5,sem_logo
SALT6,sem_logo
SANB11,ok
SANB3,ok
SANB4,ok
SAPI11,sem_logo
SAPR11,ok
SAPR3,ok
SAPR4,ok
SARE11,ok
SBFG3,ok
SBSP3,ok
SCAR3,ok
SCPF11,sem_logo
SEER3,ok
SEQL3,ok
SEQR11,sem_logo
SHOP11,sem_logo
SHOW3,ok
SHPH11,sem_logo
SHPP11,sem_logo
SHUL3,sem_logo
SHUL4,ok
SIMH3,ok
SJAU11,sem_logo
SLCE3,ok
SMFT3,ok
SMRE11,ok
SMTO3,ok
SNAG11,sem_logo
SNCI11,sem_logo
SNEL11,sem_logo
SNFF11,sem_logo
SNLG11,sem_logo
SNME11,sem_logo
SNSY3,sem_logo
SNSY5,ok
SNSY6,sem_logo
SOFF11,sem_logo
SOJA3,ok
SOLR11,sem_logo
SOND3,sem_logo
SOND5,sem_logo
SOND6,sem_logo
SPDE11,sem_logo
SPG211,sem_logo
SPMO11,sem_logo
SPTW11,sem_logo
SPXS11,sem_logo
SRNA3,ok
SRVD11,sem_logo
STRX11,sem_logo
SULA11,sem_logo
SUZB3,ok
SYNE3,ok
TAEE11,ok
TAEE3,ok
TAEE4,ok
TASA3,ok
TASA4,ok
TCSA3,ok
TECN3,ok
TEKA3,sem_logo
TEKA4,sem_logo
TELB3,ok
TELB4,ok
TELM11,ok
TEND3,ok
TEPP11,sem_logo
TFCO4,ok
TGAR11,sem_logo
TGMA3,ok
TIMS3,ok
TJKB11,ok
TKNO3,sem_logo
TKNO4,sem_logo
TMPS11,sem_logo
TOKY3,sem_logo
TOPP11,ok
TORD11,sem_logo
TOTS3,ok
TPIS3,ok
TRAD3,ok
TRBL11,sem_logo
TRCO11,sem_logo
TRIS3,ok
TRNT11,sem_logo
TRXB11,sem_logo
TRXF11,ok
TRXY11,ok
TSER11,sem_logo
TSNC11,sem_logo
TTEN3,ok
TUPY3,ok
TVRI11,sem_logo
TXRX3,sem_logo
TXRX4,ok
UCAS3,ok
UGPA3,ok
UNIP3,ok
UNIP5,ok
UNIP6,ok
URHF11,sem_logo
URPR11,sem_logo
USIM3,ok
USIM5,ok
USIM6,sem_logo
VALE3,ok
VAMO3,ok
VBBR3,ok
VCJR11,ok
VCRA11,sem_logo
VCRI11,sem_logo
VCRR11,sem_logo
VERE11,sem_logo
VGHF11,ok
VGHF12,sem_logo
VGIA11,sem_logo
VGII11,sem_logo
VGIP11,ok
VGIR11,ok
VGRI11,sem_logo
VIFI11,sem_logo
VILG11,ok
VINO11,ok
VISC11,sem_logo
VITT3,ok
VIUR11,sem_logo
VIVA3,ok
VIVR3,ok
VIVT3,ok
VJFD11,sem_logo
VLID3,ok
VOO,sem_logo
VOTS11,ok
VPSI11,sem_logo
VRTA11,sem_logo
VRTM11,sem_logo
VSHO11,ok
VSLH11,sem_logo
VSTE3,ok
VTPL11,sem_logo
VTRU3,ok
VULC3,ok
VVCR11,sem_logo
VVEO3,ok
VVMR11,sem_logo
VVRI11,sem_logo
VXXV11,sem_logo
WDCN3,sem_logo
WEGE3,ok
WEST3,ok
WHGR11,sem_logo
WHRL3,ok
WHRL4,ok
WIZC3,ok
WLMM3,sem_logo
WLMM4,ok
WPLZ11,sem_logo
WSEC11,sem_logo
WTSP11,sem_logo
XINA11,ok
XLPR11,sem_logo
XPCA11,sem_logo
XPCI11,ok
XPCM11,sem_logo
XPID11,sem_logo
XPIN11,ok
XPLG11,sem_logo
XPML11,sem_logo
XPPR11,sem_logo
XPSF11,ok
YDUQ3,ok
YUFI11,sem_logo
ZAGH11,ok
ZAMP3,ok
ZAVC11,sem_logo
ZAVI11,sem_logo
ZIFI11,sem_logo
